Kategorie,Produkt,Preis
fleisch-und-fisch,ARLBERGER Knabbersticks,"€ 1,79"
fleisch-und-fisch,BBQ Bratwürstel roh,"€ 3,99"
fleisch-und-fisch,"BBQ Grillspezialitäten, Alm Griller","€ 2,99"
fleisch-und-fisch,"BBQ Grillspezialitäten, BBQ Griller","€ 2,99"
fleisch-und-fisch,"BBQ Grillspezialitäten, scharfe Griller","€ 2,99"
fleisch-und-fisch,"BEEF ROYAL Rinder-Hüftsteak, Natur","€ 22,99"
fleisch-und-fisch,"BEEF ROYAL Rinder-Pfeffersteak, Pfeffer","€ 22,99"
fleisch-und-fisch,BIO NATURA BIO-Garnelen,"€ 3,49"
fleisch-und-fisch,"FAIR HOF Streichwurst, Preiselbeere","€ 1,99"
fleisch-und-fisch,"FAIR HOF Streichwurst, Sahne","€ 1,99"
fleisch-und-fisch,"FAIR HOF Streichwurst, Zwiebel","€ 1,99"
fleisch-und-fisch,FairHOF Chicken Wings,"€ 4,69"
fleisch-und-fisch,FairHOF Geschnetzeltes,"€ 4,29"
fleisch-und-fisch,FairHOF Grammeln,"€ 2,39"
fleisch-und-fisch,"FairHOF Grill-Mix, Hüft-Steaks","€ 11,99"
fleisch-und-fisch,"FairHOF Grill-Mix, Schlögel-Steaks","€ 11,99"
fleisch-und-fisch,"FairHOF Grill-Mix, Schulter-Steaks","€ 11,99"
fleisch-und-fisch,"FairHOF Grillfleisch mild, Bauch","€ 4,49"
fleisch-und-fisch,"FairHOF Grillfleisch mild, Karree","€ 4,49"
fleisch-und-fisch,"FairHOF Grillfleisch mild, Schopf","€ 4,49"
fleisch-und-fisch,"FairHOF Hühnerkeulen, Gewürzt, Oberkeulen","€ 3,79"
fleisch-und-fisch,"FairHOF Hühnerkeulen, Gewürzt, Unterkeulen","€ 3,79"
fleisch-und-fisch,"FairHOF Hühnerkeulen, Natur, Oberkeulen","€ 3,79"
fleisch-und-fisch,"FairHOF Hühnerkeulen, Natur, Unterkeulen","€ 3,79"
fleisch-und-fisch,FairHOF Keulenschnitzel,"€ 4,29"
fleisch-und-fisch,FairHOF Maishendlfilet,"€ 14,99"
fleisch-und-fisch,FairHOF Putenbrustfilet,"€ 15,99"
fleisch-und-fisch,FairHOF Schweineschmalz im Becher,"€ 3,29"
fleisch-und-fisch,"FairHOF Selchfleisch, Bauch","€ 12,99"
fleisch-und-fisch,"FairHOF Selchfleisch, Schopf","€ 12,99"
fleisch-und-fisch,"FairHOF Selchfleisch, Schulter","€ 12,99"
fleisch-und-fisch,GENUSS 100% AUS ÖSTERREICH Bauchspeck,"€ 3,99"
fleisch-und-fisch,GENUSS 100% AUS ÖSTERREICH Bauchstreifen unmariniert,"€ 8,99"
fleisch-und-fisch,"GENUSS 100% AUS ÖSTERREICH Bernerwürstel, Klassik","€ 4,49"
fleisch-und-fisch,"GENUSS 100% AUS ÖSTERREICH Bernerwürstel, Mailänder","€ 4,49"
fleisch-und-fisch,"GENUSS 100% AUS ÖSTERREICH Bernerwürstel, Mini-Berner","€ 4,49"
fleisch-und-fisch,GENUSS 100% AUS ÖSTERREICH Braunschweiger,"€ 3,79"
fleisch-und-fisch,GENUSS 100% AUS ÖSTERREICH Cevapcici,"€ 3,77"
fleisch-und-fisch,GENUSS 100% AUS ÖSTERREICH Faschiertes gemischt,"€ 7,99"
fleisch-und-fisch,GENUSS 100% AUS ÖSTERREICH Frankfurter,"€ 6,99"
fleisch-und-fisch,"GENUSS 100% AUS ÖSTERREICH Geflügel-Delikatessen, Maishendl-Filet","€ 17,99"
fleisch-und-fisch,"GENUSS 100% AUS ÖSTERREICH Geflügel-Delikatessen, Putenfiletstreifen","€ 17,99"
fleisch-und-fisch,"GENUSS 100% AUS ÖSTERREICH Geflügel-Delikatessen, Putenspieß","€ 17,99"
fleisch-und-fisch,"GENUSS 100% AUS ÖSTERREICH Geflügel-Steakies, Huhn","€ 3,69"
fleisch-und-fisch,"GENUSS 100% AUS ÖSTERREICH Geflügel-Steakies, Pute","€ 3,69"
fleisch-und-fisch,"GENUSS 100% AUS ÖSTERREICH Hühner-Extrawurst, Karotte-Kräuter","€ 1,49"
fleisch-und-fisch,"GENUSS 100% AUS ÖSTERREICH Hühner-Extrawurst, Klassik","€ 1,49"
fleisch-und-fisch,GENUSS 100% AUS ÖSTERREICH Hühnerfilet,"€ 11,99"
fleisch-und-fisch,GENUSS 100% AUS ÖSTERREICH Hühnerfilet-Schnitzel,"€ 12,58"
fleisch-und-fisch,GENUSS 100% AUS ÖSTERREICH Kaiserschnitzel,"€ 10,98"
fleisch-und-fisch,GENUSS 100% AUS ÖSTERREICH Karreesteaks,"€ 10,99"
fleisch-und-fisch,GENUSS 100% AUS ÖSTERREICH Landjäger,"€ 3,79"
fleisch-und-fisch,GENUSS 100% AUS ÖSTERREICH Mageres Faschiertes,"€ 4,99"
fleisch-und-fisch,GENUSS 100% AUS ÖSTERREICH Mini Cabanossi,"€ 3,29"
fleisch-und-fisch,GENUSS 100% AUS ÖSTERREICH Rinderfaschiertes,"€ 5,49"
fleisch-und-fisch,GENUSS 100% AUS ÖSTERREICH Rindschnitzel,"€ 17,98"
fleisch-und-fisch,GENUSS 100% AUS ÖSTERREICH Rindsgulasch,"€ 15,99"
fleisch-und-fisch,GENUSS 100% AUS ÖSTERREICH Salami-Trio,"€ 2,99"
fleisch-und-fisch,"GENUSS 100% AUS ÖSTERREICH Salanettis, Mild","€ 2,79"
fleisch-und-fisch,"GENUSS 100% AUS ÖSTERREICH Salanettis, Scharf","€ 2,79"
fleisch-und-fisch,GENUSS 100% AUS ÖSTERREICH Schopfsteaks,"€ 9,98"
fleisch-und-fisch,"GENUSS 100% AUS ÖSTERREICH Schweinsbratwürstel, Klassik","€ 3,79"
fleisch-und-fisch,"GENUSS 100% AUS ÖSTERREICH Schweinsbratwürstel, St. Johanner","€ 3,79"
fleisch-und-fisch,GENUSS 100% AUS ÖSTERREICH Selchroller,"€ 8,99"
fleisch-und-fisch,"GENUSS 100% AUS ÖSTERREICH Speck-Variation, Bacon","€ 2,99"
fleisch-und-fisch,"GENUSS 100% AUS ÖSTERREICH Speck-Variation, Bacon-Streifen","€ 2,99"
fleisch-und-fisch,"GENUSS 100% AUS ÖSTERREICH Speck-Variation, Schinkenspeck Heu","€ 2,99"
fleisch-und-fisch,GENUSS 100% AUS ÖSTERREICH Teilsames,"€ 8,99"
fleisch-und-fisch,GENUSS 100% AUS ÖSTERREICH Toastschinken,"€ 2,69"
fleisch-und-fisch,GENUSS 100% AUS ÖSTERREICH XXL Extrawurst,"€ 4,59"
fleisch-und-fisch,GENUSS 100% AUS ÖSTERREICH XXL Speckwürferl,"€ 5,49"
fleisch-und-fisch,"GOLDEN SEAFOOD ASC Riesengarnelen, Natur","€ 3,99"
fleisch-und-fisch,"GOLDEN SEAFOOD ASC Riesengarnelen, Provencal","€ 3,99"
fleisch-und-fisch,"GOLDEN SEAFOOD ASC Riesengarnelen, Thai Curry","€ 3,99"
fleisch-und-fisch,"GOLDEN SEAFOOD Wildlachs in Sauce, Senf Sauce","€ 5,99"
fleisch-und-fisch,"GOLDEN SEAFOOD Wildlachs in Sauce, Weißwein Sauce","€ 5,99"
fleisch-und-fisch,"GOURMET Prosciutto Cotto Spezialitäten, Meraner Schinken","€ 2,49"
fleisch-und-fisch,"GOURMET Prosciutto Cotto Spezialitäten, Porchetta al forno","€ 2,49"
fleisch-und-fisch,GOURMET Steirischer Prosciutto,"€ 2,99"
fleisch-und-fisch,GUTES AUS DER REGION Karreespeck,"€ 8,49"
fleisch-und-fisch,GUTES AUS DER REGION Krainer,"€ 3,49"
fleisch-und-fisch,"HÜTTHALER Kantwurst, Klassik","€ 6,79"
fleisch-und-fisch,"HÜTTHALER Kantwurst, Puszta","€ 6,79"
fleisch-und-fisch,KLETZL XXL Leberkäse,"€ 6,99"
fleisch-und-fisch,Karreeschnitzerl extra dünn,"€ 10,79"
fleisch-und-fisch,Knabber Nossi,"€ 2,99"
fleisch-und-fisch,"PRIMANA Pasteta Hühneraufstrich, Huhn","€ 0,89"
fleisch-und-fisch,"PRIMANA Pasteta Hühneraufstrich, Huhn Pikant","€ 0,89"
fleisch-und-fisch,PRIMANA Pastete Hühneraufstrich Junior,"€ 0,89"
fleisch-und-fisch,PRIMANA Puten Cordon Bleu,"€ 6,99"
fleisch-und-fisch,PRIMANA Puten Schnitzel,"€ 6,99"
fleisch-und-fisch,Puten-Extra,"€ 2,95"
fleisch-und-fisch,Putenschnitzel,"€ 10,98"
fleisch-und-fisch,"RIO MARE Insalatissime, Couscous","€ 5,79"
fleisch-und-fisch,"RIO MARE Insalatissime, Mais","€ 5,79"
fleisch-und-fisch,"RIO MARE Insalatissime, Mexican","€ 5,79"
fleisch-und-fisch,Sudzuk,"€ 6,49"
fleisch-und-fisch,Wiener gebraten,"€ 5,49"
fleisch-und-fisch,"ZURÜCK ZUM URSPRUNG BIO-Hühnerteile, Flügerl","€ 3,99"
fleisch-und-fisch,"ZURÜCK ZUM URSPRUNG BIO-Hühnerteile, Oberkeulen","€ 3,99"
kuehlung,BIO NATURA Parmigiano Reggiano 24 Monate,"€ 5,49"
kuehlung,BRUNCH Kräuter,"€ 2,49"
kuehlung,BRUNCH Mango Curry,"€ 2,49"
kuehlung,BRUNCH Original,"€ 2,49"
kuehlung,BRUNCH Paprika,"€ 2,49"
kuehlung,CUCINA NOBILE Büffelmozzarella Kugel,"€ 2,39"
kuehlung,CUCINA NOBILE Grana Padano Cubes,"€ 2,79"
kuehlung,"CUCINA NOBILE Original Italian Cheese Mix, Pecorino","€ 3,69"
kuehlung,"CUCINA NOBILE Original Italian Cheese Mix, Provolone Dolce","€ 3,69"
kuehlung,"FAIR HOF Heimische Käsescheiben, Almgold","€ 2,99"
kuehlung,"FAIR HOF Heimische Käsescheiben, Traunviertler","€ 2,99"
kuehlung,FLORA Plant,"€ 1,79"
kuehlung,"FOL EPI Käsescheiben, Extra fine 3 Poivres","€ 2,99"
kuehlung,"FOL EPI Käsescheiben, Extra fines Classic","€ 2,99"
kuehlung,"FOL EPI Käsescheiben, Extra fines Intense","€ 2,99"
kuehlung,"FairHOF Bergbauernkäse in Scheiben, ""Berta""","€ 2,79"
kuehlung,FairHOF länger frisch Vollmilch,"€ 1,49"
kuehlung,Fraicho Feine Kräuter,"€ 0,99"
kuehlung,Fraicho Grüner Pfeffer,"€ 0,99"
kuehlung,Fraicho Kirschtomaten,"€ 0,99"
kuehlung,Fraicho Kräuter der Provence,"€ 0,99"
kuehlung,Fraicho Meersalz,"€ 0,99"
kuehlung,"GOOD CHOICE Burrito, Santa Cruz","€ 2,49"
kuehlung,"GOOD CHOICE Burrito, Spicy Tiger","€ 2,49"
kuehlung,"GOOD CHOICE Kleine Marinierte Salate, Kartoffel/Essig-Öl","€ 1,49"
kuehlung,"GOOD CHOICE Pasta Fertiggerichte, Lachsspaghettini","€ 2,79"
kuehlung,"GOOD CHOICE Pasta Fertiggerichte, Linguini mit Hühnerpolpetti","€ 2,79"
kuehlung,"GOOD CHOICE Pasta Fertiggerichte, Pecorelli mit getrockneten Tomaten","€ 2,79"
kuehlung,"GOOD CHOICE Risotto, Pilz","€ 2,99"
kuehlung,"GOOD CHOICE Risotto, Tomate","€ 2,99"
kuehlung,"GOOD CHOICE Salatschale, Käse-Croutons","€ 2,88"
kuehlung,"GOOD CHOICE Salatschale, Käse-Olive","€ 2,88"
kuehlung,"GOOD CHOICE Salatschale, Mozzarella-Tomate","€ 2,88"
kuehlung,"GOOD CHOICE Salatschale, Schinken-Käse","€ 2,88"
kuehlung,"GOURMET Frisch gefüllte Pasta, Aubergingen mit Tomaten & Mozzarella","€ 2,99"
kuehlung,"GOURMET Frisch gefüllte Pasta, geschmortes Rindfleisch & Merlot","€ 2,99"
kuehlung,GOURMET Mini Scamorza Spizzico,"€ 2,69"
kuehlung,GOURMET Schaumrolle,"€ 3,49"
kuehlung,GREENFORCE Veganer Leberkäse,"€ 2,99"
kuehlung,"GUTES AUS DER REGION Heumilchkäse, Jausengold","€ 3,26"
kuehlung,"GUTES AUS DER REGION Heumilchkäse, Mondseer","€ 3,26"
kuehlung,"GUTES AUS DER REGION Traunsteiner Rauchkäse, Großlochkäse","€ 12,99"
kuehlung,"GUTES AUS DER REGION Traunsteiner Rauchkäse, Standard","€ 12,99"
kuehlung,JUST VEG Pflanzliche Kochcreme,"€ 0,79"
kuehlung,"LYTTOS Joghurt griechischer Art, natur","€ 1,99"
kuehlung,"LYTTOS Original griechisches Tzatziki, ohne Palmöl","€ 2,29"
kuehlung,"MEINE KÄSETHEKE Frischkäsezubereitung, Kräuter","€ 1,79"
kuehlung,"MEINE KÄSETHEKE Frischkäsezubereitung, Peppasweet","€ 1,79"
kuehlung,"MEINE KÄSETHEKE Frischkäsezubereitung, Schnittlauch",
kuehlung,"MEINE KÄSETHEKE Frischkäsezubereitung, Tomate",
kuehlung,"MEINE KÄSETHEKE Frischkäsezubereitung, Ziege-Kräuter",
kuehlung,"MILFINA Bergkäse, gerieben","€ 1,99"
kuehlung,"MILFINA Butter, laktosefrei","€ 2,69"
kuehlung,"MILFINA Cheddar, gerieben","€ 2,99"
kuehlung,MILFINA Familienjoghurt,"€ 1,59"
kuehlung,"MILFINA Frischkäse, Kren","€ 1,29"
kuehlung,"MILFINA Frischkäse, Laktosefrei","€ 1,29"
kuehlung,"MILFINA Frischkäse, Paprika","€ 1,29"
kuehlung,"MILFINA Gouda Scheiben, Geräuchert","€ 2,29"
kuehlung,"MILFINA Gouda Scheiben, Standard","€ 2,29"
kuehlung,MILFINA Kefir,"€ 0,99"
kuehlung,"MILFINA Käseplatte, Mild","€ 2,49"
kuehlung,"MILFINA Mozzarella, gerieben","€ 2,29"
kuehlung,"MILFINA Prämierter Käsegenuss, Spielberger Premium","€ 3,29"
kuehlung,"MILFINA Prämierter Käsegenuss, Weinkäse","€ 3,29"
kuehlung,"MILFINA Raclette, Extra-Würzig","€ 12,99"
kuehlung,"MILFINA Raclette, Standard","€ 12,99"
kuehlung,MILFINA Speisetopfen 40% Fett,"€ 1,29"
kuehlung,MILFINA Tilsiter Scheiben,"€ 2,39"
kuehlung,MILFINA Toastkäse in Scheiben,"€ 1,79"
kuehlung,MILSANI Cheese & Chips,"€ 2,39"
kuehlung,MILSANI Emmentaler Scheiben pasteurisiert,"€ 2,79"
kuehlung,MILSANI Fadenkäse geräuchert,"€ 1,79"
kuehlung,"MILSANI Frischkäse mit Pesto, Basilikum","€ 1,99"
kuehlung,"MILSANI Frischkäse mit Pesto, Bruschetta","€ 1,99"
kuehlung,"MILSANI Frischkäse mit Pesto, Kürbiskern","€ 1,99"
kuehlung,"MILSANI Fruchtjoghurt Quetschi, Erdbeer-Banane","€ 0,69"
kuehlung,"MILSANI Fruchtjoghurt Quetschi, Mango","€ 0,69"
kuehlung,"MILSANI Fruchtjoghurt, Pfirsich-Maracuja","€ 1,29"
kuehlung,MILSANI Gouda,"€ 2,49"
kuehlung,"MILSANI H-Proteindrink, Kakao","€ 1,49"
kuehlung,"MILSANI H-Proteindrink, Vanille","€ 1,49"
kuehlung,"MILSANI Haltbare Leichtmilch 0,5% Fett","€ 0,99"
kuehlung,"MILSANI High Protein Mousse, Schoko","€ 1,35"
kuehlung,"MILSANI High Protein Mousse, Vanille","€ 1,35"
kuehlung,MILSANI Kashkaval,"€ 5,99"
kuehlung,MILSANI Käse-Selektion in Scheiben,"€ 2,49"
kuehlung,"MILSANI Leichtkäse Scheiben, Edamer","€ 2,49"
kuehlung,"MILSANI Leichtkäse Scheiben, Maasdamer","€ 2,49"
kuehlung,"MILSANI Leichtkäse Scheiben, Tilsiter","€ 2,49"
kuehlung,MILSANI Mozzarella gerieben,"€ 2,19"
kuehlung,"MILSANI Sprühsahne, Standard","€ 1,99"
kuehlung,"MILSANI Topfencreme, Erdbeere","€ 0,79"
kuehlung,"MILSANI Topfencreme, Pfirsich","€ 0,79"
kuehlung,"MILSANI Topfencreme, Stracciatella","€ 0,79"
kuehlung,"MILSANI Topfencreme, Vanille","€ 0,79"
kuehlung,MILSANI Türkisches Joghurt,"€ 1,99"
kuehlung,MY VAY Haferdrink Barista,"€ 1,15"
kuehlung,"MY VAY Pflanzliche Vielfalt, Fischstäbchen","€ 1,64"
kuehlung,"MY VAY Pflanzliche Vielfalt, Nuggets","€ 1,64"
vorratsschrank,"AIRWAVES Dose, Cool Cassis","€ 4,95"
vorratsschrank,"AIRWAVES Dose, Extreme","€ 4,95"
vorratsschrank,"AIRWAVES Dose, Menthol-Eukalyptus","€ 4,95"
vorratsschrank,"ASIA GREEN GARDEN Instant Nudeln, Garnele","€ 1,99"
vorratsschrank,"ASIA GREEN GARDEN Instant Nudeln, Gemüse","€ 1,99"
vorratsschrank,"ASIA GREEN GARDEN Instant Nudeln, Huhn","€ 1,99"
vorratsschrank,"ASIA GREEN GARDEN Instant Nudeln, Schwein","€ 1,99"
vorratsschrank,"ASIA GREEN GARDEN Sauce, Sojasauce","€ 1,49"
vorratsschrank,BACK FAMILY Mini Marshmallows bunt,"€ 1,49"
vorratsschrank,"BBQ Ajvar, Mild","€ 1,29"
vorratsschrank,"BBQ Ajvar, Scharf","€ 1,29"
vorratsschrank,"BBQ Salat, Bohnensalat","€ 1,99"
vorratsschrank,"BBQ Salat, Paprikasalat","€ 1,99"
vorratsschrank,"BBQ Salat, Pusztasalat scharf","€ 1,99"
vorratsschrank,"BBQ Salat, Zuckermais","€ 1,99"
vorratsschrank,BELLA Mandeln gemahlen XXL,"€ 3,99"
vorratsschrank,"BELLA Mandelvariation, ganz blanchiert","€ 0,73"
vorratsschrank,"BELLA Mandelvariation, gehackt","€ 0,73"
vorratsschrank,"BELLA Mandelvariation, gestiftet","€ 0,73"
vorratsschrank,"BELLA Sofort-/Blattgelantine, Blattgelantine","€ 1,19"
vorratsschrank,"BELLA Sofort-/Blattgelantine, Sofortgelantine","€ 1,19"
vorratsschrank,BELLA Zitronen Säuerungsmittel,"€ 0,39"
vorratsschrank,BELLASAN Kürbiskernöl,"€ 6,99"
vorratsschrank,BELLASAN Maiskeimöl,"€ 1,99"
vorratsschrank,BELLASAN Sonnenblumenöl,"€ 1,99"
vorratsschrank,BELLASAN Sonnenblumenöl,"€ 3,89"
vorratsschrank,"BIO NATURA BIO-Balsamico Creme, Chili","€ 2,99"
vorratsschrank,"BIO NATURA BIO-Fruchtgummi, Gummibären","€ 1,99"
vorratsschrank,"BIO NATURA BIO-Fruchtgummi, Saure Mischung","€ 1,99"
vorratsschrank,"BIO NATURA BIO-Fruchtgummi, Veggie","€ 1,99"
vorratsschrank,"BIO NATURA BIO-Getreidemix, Bulgur","€ 1,89"
vorratsschrank,"BIO NATURA BIO-Getreidemix, Couscous","€ 1,89"
vorratsschrank,"BIO NATURA BIO-Honig im Dosierspender, cremig","€ 2,85"
vorratsschrank,"BIO NATURA BIO-Honig im Dosierspender, flüssig","€ 2,85"
vorratsschrank,"BIO NATURA BIO-Honig, flüssig","€ 4,99"
vorratsschrank,BIO NATURA BIO-Kidneybohnen,"€ 1,12"
vorratsschrank,BIO NATURA BIO-Maisstangen,"€ 0,89"
vorratsschrank,"BIO NATURA BIO-Müsli, Früchte","€ 3,29"
vorratsschrank,BIO NATURA BIO-Olivenöl,"€ 8,99"
vorratsschrank,"BIO NATURA BIO-Pesto, Calabrese","€ 2,99"
vorratsschrank,"BIO NATURA BIO-Pesto, Genovese","€ 2,99"
vorratsschrank,"BIO NATURA BIO-Pesto, Rosso","€ 2,99"
vorratsschrank,BIO NATURA Passierte BIO-Tomaten,"€ 1,29"
vorratsschrank,"BIO NATURA Veganes BIO-Sugo, Arrabbiata","€ 1,59"
vorratsschrank,"BIO NATURA Veganes BIO-Sugo, Kräuter","€ 1,59"
vorratsschrank,"BIO NATURA Veganes BIO-Sugo, Weizenbolognese","€ 1,59"
vorratsschrank,"BIO-Kräuter/Gewürze, Bratkartoffel","€ 1,49"
vorratsschrank,"BIO-Kräuter/Gewürze, Brotgewürz","€ 1,49"
vorratsschrank,"BIO-Kräuter/Gewürze, Kümmel ganz","€ 1,49"
vorratsschrank,"BIO-Kräuter/Gewürze, Mediterran","€ 1,49"
vorratsschrank,"BIO-Kräuter/Gewürze, Oregano","€ 1,49"
vorratsschrank,"BIO-Kräuter/Gewürze, Thymian","€ 1,49"
vorratsschrank,"BON-RI Express-Reis pur, Basmatireis","€ 1,39"
vorratsschrank,"BON-RI Express-Reis pur, Langkornreis","€ 1,39"
vorratsschrank,"BON-RI Hülsenfrüchte getrocknet, Grüne Linsen","€ 1,59"
vorratsschrank,"BON-RI Hülsenfrüchte getrocknet, Kichererbsen","€ 1,59"
vorratsschrank,"BON-RI Hülsenfrüchte getrocknet, Rote Linsen","€ 1,59"
vorratsschrank,BON-RI Langkornreis,"€ 1,29"
vorratsschrank,BON-RI Parboiled Reis,"€ 1,69"
vorratsschrank,CHEETOS Cheese,"€ 1,99"
vorratsschrank,CHOCEUR Alpenvollmilch,"€ 3,79"
vorratsschrank,"CHOCEUR Choco Changer, Karamell-Meersalz","€ 2,99"
vorratsschrank,"CHOCEUR Choco Changer, Weiße Schoko-Pistazie","€ 2,99"
vorratsschrank,"CHOCEUR Choco Changer, Zartbitter 70% Kakao","€ 2,99"
vorratsschrank,"CHOCEUR Milch Mäuse, Cornflakes","€ 3,99"
vorratsschrank,"CHOCEUR Milch Mäuse, Erdbeere","€ 2,99"
vorratsschrank,"CHOCEUR Milch Mäuse, Karamell","€ 2,99"
vorratsschrank,"CHOCEUR Milch Mäuse, Milchcreme","€ 2,99"
vorratsschrank,"CHOCEUR Milch Mäuse, Milchcreme","€ 3,99"
vorratsschrank,"CHOCEUR Schoko & Keks, Black & White","€ 3,79"
vorratsschrank,"CHOCEUR Schoko & Keks, Cappuccino","€ 3,79"
vorratsschrank,"CHOCEUR Schoko & Keks, Milch","€ 3,79"
vorratsschrank,CUCINA NOBILE Fleckerl,"€ 1,98"
vorratsschrank,CUCINA NOBILE Fusilli,"€ 1,58"
vorratsschrank,"CUCINA NOBILE Lasagneblätter, Natur","€ 1,68"
vorratsschrank,"CUCINA NOBILE Lasagneblätter, Spinat","€ 1,68"
vorratsschrank,"CUCINA NOBILE Nudelfertiggericht, Bolognese","€ 0,99"
vorratsschrank,"CUCINA NOBILE Nudelfertiggericht, Tomate-Mozzarella","€ 0,99"
vorratsschrank,CUCINA NOBILE Penne,"€ 1,58"
vorratsschrank,"CUCINA NOBILE Pinsa, natur","€ 1,99"
vorratsschrank,CUCINA NOBILE Spaghetti,"€ 1,58"
vorratsschrank,DR. OETKER Backpulver,"€ 0,55"
vorratsschrank,"DR. OETKER Backzutaten, Rum-Aroma","€ 0,79"
vorratsschrank,"DR. OETKER Backzutaten, Sahnesteif","€ 0,79"
vorratsschrank,DR. OETKER Blattgelatine,"€ 1,69"
vorratsschrank,DR. OETKER Bourbon Vanillezucker,"€ 1,19"
vorratsschrank,DR. OETKER Haselnusskrokant,"€ 2,19"
vorratsschrank,DR. OETKER Vanillepudding,"€ 0,99"
vorratsschrank,DR. OETKER Vanillin-Zucker,"€ 0,79"
vorratsschrank,"FELIX Ketchup, Mild","€ 3,79"
vorratsschrank,"FELIX Ketchup, ohne Zuckerzusatz","€ 3,79"
vorratsschrank,FINEST BAKERY Eiswaffeln,"€ 1,69"
vorratsschrank,"FINEST BAKERY Gebäckriegel, Disco","€ 1,49"
vorratsschrank,"FINEST BAKERY Gebäckriegel, Karamell","€ 1,49"
vorratsschrank,"FINEST BAKERY Gebäckriegel, Kokos","€ 1,49"
vorratsschrank,FINEST BAKERY Hazelnut Biscuits,"€ 1,69"
vorratsschrank,FINEST BAKERY Karamell-Gebäck,"€ 1,99"
vorratsschrank,FINEST BAKERY Mignonschnitte,"€ 2,79"
vorratsschrank,"FINEST BAKERY Waffelschnitte, Neapolitaner","€ 1,99"
vorratsschrank,"FINEST BAKERY Waffelschnitten, Vollkorn","€ 1,99"
